tool	rank	Bray-Curtis distance	Completeness	F1 score	False negatives	False positives	Jaccard index	L1 norm error	Purity	Shannon diversity	Shannon equitability	Sum of abundances	Taxon counts	True positives	Unweighted UniFrac (CAMI)	Unweighted UniFrac error	Weighted UniFrac (CAMI)	Weighted UniFrac error
Lyrebird	kingdom	0	1	1	0	0	1	0	1					1				
Lyrebird	phylum	0.000758612432934816	0.9	0.933333333333333	0.2	0	0.9	0.00151436081543711	1	0.00236569010934364	0.0023272676985197	0.999244588489735	1.2	1.2				
Lyrebird	class	0.000758612432934816	0.9	0.933333333333333	0.2	0	0.9	0.00151436081543711	1	0.00236569010934364	0.0023272676985197	0.999244588489735	1.2	1.2				
Lyrebird	order	0.0954843018213483	0.927127194961955	0.951836911453357	6	1.7	0.908536759768105	0.190880511063718	0.978138292131167	3.24429605436828	0.746346642568843	0.999244588489735	77.5	75.8				
Lyrebird	family	0.134761980097022	0.937897725160848	0.954845283097626	16.7	7	0.913733987624307	0.268198029185984	0.972585801973002	4.61532803350134	0.833701181133635	0.990635797765845	254.7	247.7				
Lyrebird	genus	0.168927436509509	0.922276786152014	0.924632507697911	35	32.2	0.859984809981433	0.331025598257902	0.92719762611281	5.11558273106966	0.840913694067844	0.960431666095735	441.3	409.1				
Lyrebird	species	0.272137416266221	0.7938405029884	0.794893697469544	97.8	95.1	0.659953177759747	0.505483556129654	0.796473908701016	4.69663751892886	0.764928787809545	0.859044305948634	466.7	371.6				
Lyrebird															2066.4	0.584011001817254	1.29861641626813	0.00805015997037904
