tool	rank	Bray-Curtis distance	Completeness	F1 score	False negatives	False positives	Jaccard index	L1 norm error	Purity	Shannon diversity	Shannon equitability	Sum of abundances	Taxon counts	True positives	Unweighted UniFrac (CAMI)	Unweighted UniFrac error	Weighted UniFrac (CAMI)	Weighted UniFrac error
Lyrebird	kingdom	0	1	1	0	0	1	0	1					1				
Lyrebird	phylum	0.000413435065196639	0.9	0.933333333333333	0.2	0	0.9	0.000825446422661606	1	0.00345311260865213	0.00421502780249972	0.999467099585388	1.2	1.2				
Lyrebird	class	0.000413435065196639	0.9	0.933333333333333	0.2	0	0.9	0.000825446422661606	1	0.00345311260865213	0.00421502780249972	0.999467099585388	1.2	1.2				
Lyrebird	order	0.0818734200904226	0.939549491297838	0.958161283675125	5	1.7	0.920100377581908	0.163710271996342	0.977775455552327	3.17421619519223	0.726780081581048	0.999467099585388	79.2	77.5				
Lyrebird	family	0.122048041924691	0.94266864526837	0.963334046490943	15.9	3.8	0.929392712806666	0.24316387930115	0.985116611595662	4.61157449427122	0.829294250755123	0.992350731161929	261	257.2				
Lyrebird	genus	0.141718016234398	0.939337728641882	0.957970668839079	28.1	9.7	0.919483000928714	0.279317445100181	0.977539652420891	5.16595544872863	0.850927400430351	0.971116344747985	435.9	426.2				
Lyrebird	species	0.145933406011294	0.916544539980368	0.943812362967535	39.9	11.9	0.893705318673329	0.278389612139809	0.973066994084774	4.86159714512091	0.799224139628672	0.90860052463794	441.4	429.5				
Lyrebird															1615.2	0.481844186728601	0.966232101382806	0.00617998737952045
