tool	rank	Bray-Curtis distance	Completeness	F1 score	False negatives	False positives	Jaccard index	L1 norm error	Purity	Shannon diversity	Shannon equitability	Sum of abundances	Taxon counts	True positives	Unweighted UniFrac (CAMI)	Unweighted UniFrac error	Weighted UniFrac (CAMI)	Weighted UniFrac error
Lyrebird	kingdom	0.5	0.416666666666667	0.583333333333333	1.5	0	0.416666666666667	1	1					1				
Lyrebird	phylum	0.499698142156699	0.121071428571429	0.215339105339105	7.5	0	0.121071428571429	0.998799814335919	1	0.00119295444840729	0	0.998799814335919	1	1				
Lyrebird	class	0.499698142156699	0.1125	0.201702741702742	8.1	0	0.1125	0.998799814335919	1	0.00119295444840729	0	0.998799814335919	1	1				
Lyrebird	order	0.503628851855908	0.300924075924076	0.218218798745115	9.5	19.9	0.12287623957629	1.00665058134098	0.171648373365765	2.37892445508292	0.749154263758883	0.998799814335919	24	4.1				
Lyrebird	family	0.426790527695471	0.327747252747253	0.322937892752409	9.8	10.5	0.193682417033242	0.738272486260496	0.321735649541377	1.58437837295918	0.584830685725	0.729335431320327	15.3	4.8				
Lyrebird	genus	0.398059878203869	0.329761904761905	0.413576568359177	9.9	4	0.261924508240298	0.656283312255895	0.564166666666667	1.2700942362548	0.586438486807447	0.647294402425944	8.9	4.9				
Lyrebird	species	0.389745489181826	0.5	0.658064516129032	10	0.4	0.49047619047619	0.626287648997464	0.963636363636364	1.69727511406875	0.725025391397858	0.605826816247906	10.4	10				
Lyrebird															225.6	1.92562442607897	6.02509365752667	0.0850675188085014
